protocol,scan type,data type,modality / suffix,task,acq,ce,Include in BIDS,N (number of acquisitions),,,,,,,,,,,,,,,,,,,,,,,,,,,,
memp2rage_1mm_v1_inv1,MR,anat,MEMP2RAGE,,acq-1mm_v1_inv1,,,,,,,,,,,,,,,,,,,,,,,,,,,,,,,
memp2rage_1mm_v1_inv1_nd,MR,anat,MEMP2RAGE,,acq-1mm_v1_inv1_nd,,,,,,,,,,,,,,,,,,,,,,,,,,,,,,,
memp2rage_1mm_v1_inv1_nd_rms,MR,anat,MEMP2RAGE,,acq-1mm_v1_inv1_nd_rms,,,,,,,,,,,,,,,,,,,,,,,,,,,,,,,
memp2rage_1mm_v1_inv1_rms,MR,anat,MEMP2RAGE,,acq-1mm_v1_inv1_rms,,,,,,,,,,,,,,,,,,,,,,,,,,,,,,,
memp2rage_1mm_v1_inv2,MR,anat,MEMP2RAGE,,acq-1mm_v1_inv2,,,,,,,,,,,,,,,,,,,,,,,,,,,,,,,
memp2rage_1mm_v1_inv2_nd,MR,anat,MEMP2RAGE,,acq-1mm_v1_inv2_nd,,,,,,,,,,,,,,,,,,,,,,,,,,,,,,,
memp2rage_1mm_v1_inv2_nd_rms,MR,anat,MEMP2RAGE,,acq-1mm_v1_inv2_nd_rms,,,,,,,,,,,,,,,,,,,,,,,,,,,,,,,
memp2rage_1mm_v1_inv2_rms,MR,anat,MEMP2RAGE,,acq-1mm_v1_inv2_rms,,,,,,,,,,,,,,,,,,,,,,,,,,,,,,,
memp2rage_1mm_v1_uni_images,MR,anat,MEMP2RAGE,,acq-1mm_v1_uni_images,,,,,,,,,,,,,,,,,,,,,,,,,,,,,,,
memp2rage_1mm_v1_uni_images_nd,MR,anat,MEMP2RAGE,,acq-1mm_v1_uni_images_nd,,,,,,,,,,,,,,,,,,,,,,,,,,,,,,,
memp2rage_1mm_v1_uni_images_nd_rms,MR,anat,MEMP2RAGE,,acq-1mm_v1_uni_images_nd_rms,,,,,,,,,,,,,,,,,,,,,,,,,,,,,,,
memp2rage_1mm_v1_uni_images_rms,MR,anat,MEMP2RAGE,,acq-1mm_v1_uni_images_rms,,,,,,,,,,,,,,,,,,,,,,,,,,,,,,,
memp2rage_1mm_v2_inv1,MR,anat,MEMP2RAGE,,acq-1mm_v2_inv1,,,,,,,,,,,,,,,,,,,,,,,,,,,,,,,
memp2rage_1mm_v2_inv1_rms,MR,anat,MEMP2RAGE,,acq-1mm_v2_inv1_rms,,,,,,,,,,,,,,,,,,,,,,,,,,,,,,,
memp2rage_1mm_v2_inv2,MR,anat,MEMP2RAGE,,acq-1mm_v2_inv2,,,,,,,,,,,,,,,,,,,,,,,,,,,,,,,
memp2rage_1mm_v2_inv2_rms,MR,anat,MEMP2RAGE,,acq-1mm_v2_inv2_rms,,,,,,,,,,,,,,,,,,,,,,,,,,,,,,,
memp2rage_1mm_v2_t1_images,MR,anat,MEMP2RAGE,,acq-1mm_v2_t1_images,,,,,,,,,,,,,,,,,,,,,,,,,,,,,,,
memp2rage_1mm_v2_uni_images,MR,anat,MEMP2RAGE,,acq-1mm_v2_uni_images,,,,,,,,,,,,,,,,,,,,,,,,,,,,,,,
memp2rage_1mm_v2_uni_images_rms,MR,anat,MEMP2RAGE,,acq-1mm_v2_uni_images_rms,,,,,,,,,,,,,,,,,,,,,,,,,,,,,,,
t2star_2d_0_25x0_25x2_0mm_p1,MR,anat,T2star,,acq-2d_0_25x0_25x2_0mm_p1,,,,,,,,,,,,,,,,,,,,,,,,,,,,,,,
t2star_2d_0_25x0_25x2_0mm_p2_wholebrain,MR,anat,T2star,,acq-2d_0_25x0_25x2_0mm_p2,,,,,,,,,,,,,,,,,,,,,,,,,,,,,,,
t2_2d_0_4x0_4x1_2mm_180flip,MR,anat,T2w,,acq-2d_0_4x0_4x1_2mm_180flip,,,,,,,,,,,,,,,,,,,,,,,,,,,,,,,
mp2rage_2d_0_8x0_8x5mm_5nex_nsir_hippo_290v_inv1,MR,anat,MP2RAGE,,acq-2d_0_8x0_8x5mm_5nex_nsir_hippo_290v_inv1,,,,,,,,,,,,,,,,,,,,,,,,,,,,,,,
mp2rage_2d_0_8x0_8x5mm_5nex_nsir_hippo_290v_inv2,MR,anat,MP2RAGE,,acq-2d_0_8x0_8x5mm_5nex_nsir_hippo_290v_inv2,,,,,,,,,,,,,,,,,,,,,,,,,,,,,,,
mp2rage_2d_0_8x0_8x5mm_5nex_nsir_hippo_290v_t1_images,MR,anat,MP2RAGE,,acq-2d_0_8x0_8x5mm_5nex_nsir_hippo_290v_t1_images,,,,,,,,,,,,,,,,,,,,,,,,,,,,,,,
mp2rage_2d_0_8x0_8x5mm_5nex_nsir_hippo_290v_uni_images,MR,anat,MP2RAGE,,acq-2d_0_8x0_8x5mm_5nex_nsir_hippo_290v_uni_images,,,,,,,,,,,,,,,,,,,,,,,,,,,,,,,
3-pl_t2__fgre,MR,anat,T2w,,acq-3pl_fgre,,,,,,,,,,,,,,,,,,,,,,,,,,,,,,,
ddwi_adc,MR,dwi,dwi,,acq-adc,,,,,,,,,,,,,,,,,,,,,,,,,,,,,,,
dwi_adc,MR,dwi,dwi,,acq-adc,,,,,,,,,,,,,,,,,,,,,,,,,,,,,,,
ax_dwi,MR,dwi,dwi,,acq-ax,,,,,,,,,,,,,,,,,,,,,,,,,,,,,,,
axial_dwi_brain,MR,dwi,dwi,,acq-ax,,,,,,,,,,,,,,,,,,,,,,,,,,,,,,,
ax__flair,MR,anat,FLAIR,,acq-ax,,,,,,,,,,,,,,,,,,,,,,,,,,,,,,,
ax_flair,MR,anat,FLAIR,,acq-ax,,,,,,,,,,,,,,,,,,,,,,,,,,,,,,,
ax_flair_post,MR,anat,FLAIR,,acq-ax,ce-gad,,,,,,,,,,,,,,,,,,,,,,,,,,,,,,
axial_flair,MR,anat,FLAIR,,acq-ax,,,,,,,,,,,,,,,,,,,,,,,,,,,,,,,
axial_flair_brain,MR,anat,FLAIR,,acq-ax,,,,,,,,,,,,,,,,,,,,,,,,,,,,,,,
flair_ax,MR,anat,FLAIR,,acq-ax,,,,,,,,,,,,,,,,,,,,,,,,,,,,,,,
ax_t1,MR,anat,T1w,,acq-ax,,,,,,,,,,,,,,,,,,,,,,,,,,,,,,,
ax_t1__post,MR,anat,T1w,,acq-ax,ce-gad,,,,,,,,,,,,,,,,,,,,,,,,,,,,,,
ax_t1_post,MR,anat,T1w,,acq-ax,ce-gad,,,,,,,,,,,,,,,,,,,,,,,,,,,,,,
ax_t1_pre,MR,anat,T1w,,acq-ax,,,,,,,,,,,,,,,,,,,,,,,,,,,,,,,
axial_t1_brain_post,MR,anat,T1w,,acq-ax,ce-gad,,,,,,,,,,,,,,,,,,,,,,,,,,,,,,
axial_t1_brain_pre,MR,anat,T1w,,acq-ax,,,,,,,,,,,,,,,,,,,,,,,,,,,,,,,
t1_ax_post,MR,anat,T1w,,acq-ax,ce-gad,,,,,,,,,,,,,,,,,,,,,,,,,,,,,,
t1_ax_pre,MR,anat,T1w,,acq-ax,,,,,,,,,,,,,,,,,,,,,,,,,,,,,,,
ax_t2,MR,anat,T2w,,acq-ax,,,,,,,,,,,,,,,,,,,,,,,,,,,,,,,
axial_t2,MR,anat,T2w,,acq-ax,,,,,,,,,,,,,,,,,,,,,,,,,,,,,,,
axial_t2_brain,MR,anat,T2w,,acq-ax,,,,,,,,,,,,,,,,,,,,,,,,,,,,,,,
axial_t2_brain_post,MR,anat,T2w,,acq-ax,ce-gad,,,,,,,,,,,,,,,,,,,,,,,,,,,,,,
t2_axial,MR,anat,T2w,,acq-ax,,,,,,,,,,,,,,,,,,,,,,,,,,,,,,,
axial_dwi_brain_2d_post,MR,dwi,dwi,,acq-ax_2d,ce-gad,,,,,,,,,,,,,,,,,,,,,,,,,,,,,,
axial_flair_brain_2d_pre,MR,anat,FLAIR,,acq-ax_2d,,,,,,,,,,,,,,,,,,,,,,,,,,,,,,,
axial_t2_brain_2d_post,MR,anat,T2w,,acq-ax_2d,ce-gad,,,,,,,,,,,,,,,,,,,,,,,,,,,,,,
axial_dwi_resolve_brain_2d_post_adc,MR,dwi,dwi,,acq-ax_2d_resolve_adc,ce-gad,,,,,,,,,,,,,,,,,,,,,,,,,,,,,,
axial_dwi_resolve_brain_2d_post_tracew,MR,dwi,dwi,,acq-ax_2d_resolve_tracew,ce-gad,,,,,,,,,,,,,,,,,,,,,,,,,,,,,,
ax_3d_t1_post,MR,anat,T1w,,acq-ax_3d,ce-gad,,,,,,,,,,,,,,,,,,,,,,,,,,,,,,
axial_t1_brain_3d_post,MR,anat,T1w,,acq-ax_3d,ce-gad,,,,,,,,,,,,,,,,,,,,,,,,,,,,,,
axial_t1_brain_3d_pre,MR,anat,T1w,,acq-ax_3d,,,,,,,,,,,,,,,,,,,,,,,,,,,,,,,
ax_t1_3d_mprage,MR,anat,T1w,,acq-ax_3D_mprage,,,,,,,,,,,,,,,,,,,,,,,,,,,,,,,
axial_t1_3d_mprage_brain,MR,anat,T1w,,acq-ax_3d_mprage,,,,,,,,,,,,,,,,,,,,,,,,,,,,,,,
ax_t1_3d_post_stealth,MR,anat,T1w,,acq-ax_3D_stealth,ce-gad,,,,,,,,,,,,,,,,,,,,,,,,,,,,,,
t1_axial__3d_tera,MR,anat,T1w,,acq-ax_3d_tera,,,,,,,,,,,,,,,,,,,,,,,,,,,,,,,
ax_dwi_adc,MR,dwi,dwi,,acq-ax_adc,,,,,,,,,,,,,,,,,,,,,,,,,,,,,,,
axial_dwi_adc,MR,dwi,dwi,,acq-ax_adc,,,,,,,,,,,,,,,,,,,,,,,,,,,,,,,
axial_dwi_brain_adc,MR,dwi,dwi,,acq-ax_adc,,,,,,,,,,,,,,,,,,,,,,,,,,,,,,,
axial_dwi_exp,MR,dwi,dwi,,acq-ax_exp,,,,,,,,,,,,,,,,,,,,,,,,,,,,,,,
ax_frfse_t2,MR,,T2w,,acq-ax_frfse,,,,,,,,,,,,,,,,,,,,,,,,,,,,,,,
ax_t2__gre,MR,anat,T2w,,acq-ax_gre,,,,,,,,,,,,,,,,,,,,,,,,,,,,,,,
axial_t2__gre_brain,MR,anat,T2w,,acq-ax_gre,,,,,,,,,,,,,,,,,,,,,,,,,,,,,,,
ax_t2_gre_hemo,MR,anat,T2w,,acq-ax_gre_hemo,,,,,,,,,,,,,,,,,,,,,,,,,,,,,,,
t2_gre_hemo_axial,MR,anat,T2w,,acq-ax_gre_hemo,,,,,,,,,,,,,,,,,,,,,,,,,,,,,,,
ax_flair_mpr,MR,anat,FLAIR,,acq-ax_mpr,,,,,,,,,,,,,,,,,,,,,,,,,,,,,,,
ax_t1_mpr_,MR,anat,T1w,,acq-ax_mpr,,,,,,,,,,,,,,,,,,,,,,,,,,,,,,,
axial_t1_mprage,MR,anat,T1w,,acq-ax_mprage,,,,,,,,,,,,,,,,,,,,,,,,,,,,,,,
axial_t1_mprage_brain,MR,anat,T1w,,acq-ax_mprage,,,,,,,,,,,,,,,,,,,,,,,,,,,,,,,
axial_t1_mprage_brain_post,MR,anat,T1w,,acq-ax_mprage,ce-gad,,,,,,,,,,,,,,,,,,,,,,,,,,,,,,
axial_t1_mprage_brain_pre,MR,anat,T1w,,acq-ax_mprage,,,,,,,,,,,,,,,,,,,,,,,,,,,,,,,
t1_mprage_axial_ipat,MR,anat,T1w,,acq-ax_mprage_ipat,,,,,,,,,,,,,,,,,,,,,,,,,,,,,,,
ax_t1_mprage_isotropic,MR,anat,T1w,,acq-ax_mprage_isotropic,,,,,,,,,,,,,,,,,,,,,,,,,,,,,,,
ax_t2_propeller,MR,anat,T2w,,acq-ax_propeller,,,,,,,,,,,,,,,,,,,,,,,,,,,,,,,
axial_dwi_resolve_brain_adc,MR,dwi,dwi,,acq-ax_resolve_adc,,,,,,,,,,,,,,,,,,,,,,,,,,,,,,,
axial_dwi_resolve_brain_tracew,MR,dwi,dwi,,acq-ax_resolve_tracew,,,,,,,,,,,,,,,,,,,,,,,,,,,,,,,
t1_axial_post_se,MR,anat,T1w,,acq-ax_se,ce-gad,,,,,,,,,,,,,,,,,,,,,,,,,,,,,,
t1_se__axial,MR,anat,T1w,,acq-ax_se,,,,,,,,,,,,,,,,,,,,,,,,,,,,,,,
t1_se_axial,MR,anat,T1w,,acq-ax_se,,,,,,,,,,,,,,,,,,,,,,,,,,,,,,,
t1_se_axial_2,MR,anat,T1w,,acq-ax_se,,,,,,,,,,,,,,,,,,,,,,,,,,,,,,,
t1_axial_stealth-post,MR,anat,T1w,,acq-ax_stealth,ce-gad,,,,,,,,,,,,,,,,,,,,,,,,,,,,,,
ax_t2_flair,MR,anat,FLAIR,,acq-ax_t2,,,,,,,,,,,,,,,,,,,,,,,,,,,,,,,
axial_flair_t2,MR,anat,FLAIR,,acq-ax_t2,,,,,,,,,,,,,,,,,,,,,,,,,,,,,,,
axial_t2_flair,MR,anat,FLAIR,,acq-ax_t2,,,,,,,,,,,,,,,,,,,,,,,,,,,,,,,
axial_t2_flair_brain,MR,anat,FLAIR,,acq-ax_t2,,,,,,,,,,,,,,,,,,,,,,,,,,,,,,,
t2_axial_flair,MR,anat,FLAIR,,acq-ax_t2,,,,,,,,,,,,,,,,,,,,,,,,,,,,,,,
t2_flair_axial,MR,anat,FLAIR,,acq-ax_t2,,,,,,,,,,,,,,,,,,,,,,,,,,,,,,,
ax_t2_flair_(please_keep_at_60_slices_),MR,anat,FLAIR,,acq-ax_t2_(please_keep_at_60_slices_),,,,,,,,,,,,,,,,,,,,,,,,,,,,,,,
axial_t2_flair_brain_2d_post,MR,anat,FLAIR,,acq-ax_t2_2d,ce-gad,,,,,,,,,,,,,,,,,,,,,,,,,,,,,,
axial_t2_flair_brain_blade,MR,anat,FLAIR,,acq-ax_t2_blade,,,,,,,,,,,,,,,,,,,,,,,,,,,,,,,
axial_t2_flair_brain_nd,MR,anat,FLAIR,,acq-ax_t2_nd,,,,,,,,,,,,,,,,,,,,,,,,,,,,,,,
t2_flair_axial_tera,MR,anat,FLAIR,,acq-ax_t2_tera,,,,,,,,,,,,,,,,,,,,,,,,,,,,,,,
axial_dwi_brain_tracew,MR,dwi,dwi,,acq-ax_tracew,,,,,,,,,,,,,,,,,,,,,,,,,,,,,,,
axial_dwi_tracew,MR,dwi,dwi,,acq-ax_tracew,,,,,,,,,,,,,,,,,,,,,,,,,,,,,,,
axial_t2_tse,MR,anat,T2w,,acq-ax_tse,,,,,,,,,,,,,,,,,,,,,,,,,,,,,,,
cor_flair,MR,anat,FLAIR,,acq-cor,,,,,,,,,,,,,,,,,,,,,,,,,,,,,,,
cor_t1_post,MR,anat,T1w,,acq-cor,ce-gad,,,,,,,,,,,,,,,,,,,,,,,,,,,,,,
coronal_t1_post,MR,anat,T1w,,acq-cor,ce-gad,,,,,,,,,,,,,,,,,,,,,,,,,,,,,,
cor_t2_brain,MR,anat,T2w,,acq-cor,,,,,,,,,,,,,,,,,,,,,,,,,,,,,,,
cor_flair_brain_2d_pre_3mm,MR,anat,FLAIR,,acq-cor_2d_3mm,,,,,,,,,,,,,,,,,,,,,,,,,,,,,,,
cor_t2_brain_2d_pre_high_res,MR,anat,T2w,,acq-cor_2d_high_res,,,,,,,,,,,,,,,,,,,,,,,,,,,,,,,
cor_t1_fs,MR,anat,T1w,,acq-cor_fs,,,,,,,,,,,,,,,,,,,,,,,,,,,,,,,
cor_t1_fs_brain_post,MR,anat,T1w,,acq-cor_fs,ce-gad,,,,,,,,,,,,,,,,,,,,,,,,,,,,,,
cor_t1_fs_post,MR,anat,T1w,,acq-cor_fs,ce-gad,,,,,,,,,,,,,,,,,,,,,,,,,,,,,,
cor_t1_post_fs,MR,anat,T1w,,acq-cor_fs,ce-gad,,,,,,,,,,,,,,,,,,,,,,,,,,,,,,
cor_t1_fspgr_brain_3d,MR,anat,T1w,,acq-cor_fspgr_3d,,,,,,,,,,,,,,,,,,,,,,,,,,,,,,,
cor_t2_hi_res_brain,MR,anat,T2w,,acq-cor_high_res,,,,,,,,,,,,,,,,,,,,,,,,,,,,,,,
cor_t2_high_res,MR,anat,T2w,,acq-cor_high_res,,,,,,,,,,,,,,,,,,,,,,,,,,,,,,,
cor_t2_high_res_brain,MR,anat,T2w,,acq-cor_high_res,,,,,,,,,,,,,,,,,,,,,,,,,,,,,,,
t2_cor_high_res,MR,anat,T2w,,acq-cor_high_res,,,,,,,,,,,,,,,,,,,,,,,,,,,,,,,
coronal_t2_hr,MR,,T2w,,acq-cor_hr,,,,,,,,,,,,,,,,,,,,,,,,,,,,,,,
cor_t1_ir_brain,MR,anat,T1w,,acq-cor_ir,,,,,,,,,,,,,,,,,,,,,,,,,,,,,,,
flair_longtr_cor,MR,anat,FLAIR,,acq-cor_longtr,,,,,,,,,,,,,,,,,,,,,,,,,,,,,,,
cor_flair_mpr,MR,anat,FLAIR,,acq-cor_mpr,,,,,,,,,,,,,,,,,,,,,,,,,,,,,,,
cor_flair_mpr_post,MR,anat,FLAIR,,acq-cor_mpr,ce-gad,,,,,,,,,,,,,,,,,,,,,,,,,,,,,,
cor_t1_mpr_post,MR,anat,T1w,,acq-cor_mpr,ce-gad,,,,,,,,,,,,,,,,,,,,,,,,,,,,,,
t1_mpr_recon_cor_post,MR,anat,T1w,,acq-cor_mpr_recon,ce-gad,,,,,,,,,,,,,,,,,,,,,,,,,,,,,,
cor_obl_flair_brain,MR,anat,FLAIR,,acq-cor_obl,,,,,,,,,,,,,,,,,,,,,,,,,,,,,,,
cor_obl_t2_brain,MR,anat,T2w,,acq-cor_obl,,,,,,,,,,,,,,,,,,,,,,,,,,,,,,,
t2_coronal_p2_0_4x0_4x1_0mm,MR,anat,T2w,,acq-cor_p2_0_4x0_4x1_0mm,,,,,,,,,,,,,,,,,,,,,,,,,,,,,,,
flair_recon_cor_post,MR,anat,FLAIR,,acq-cor_recon,ce-gad,,,,,,,,,,,,,,,,,,,,,,,,,,,,,,
t1_se_cor,MR,anat,T1w,,acq-cor_se,,,,,,,,,,,,,,,,,,,,,,,,,,,,,,,
t1_se_cor_3,MR,anat,T1w,,acq-cor_se,,,,,,,,,,,,,,,,,,,,,,,,,,,,,,,
cor_flair_t2,MR,anat,FLAIR,,acq-cor_t2,,,,,,,,,,,,,,,,,,,,,,,,,,,,,,,
cor_t2_flair_brain,MR,anat,FLAIR,,acq-cor_t2,,,,,,,,,,,,,,,,,,,,,,,,,,,,,,,
cor_t2_flair_3mm,MR,anat,FLAIR,,acq-cor_t2_3mm,,,,,,,,,,,,,,,,,,,,,,,,,,,,,,,
cor_t2_flair_3mm_brain,MR,anat,FLAIR,,acq-cor_t2_3mm,,,,,,,,,,,,,,,,,,,,,,,,,,,,,,,
t2_cor_flair_3mm,MR,anat,FLAIR,,acq-cor_t2_3mm,,,,,,,,,,,,,,,,,,,,,,,,,,,,,,,
t2_flair_cor_3mm,MR,anat,FLAIR,,acq-cor_t2_3mm,,,,,,,,,,,,,,,,,,,,,,,,,,,,,,,
cor__flair_thin,MR,anat,FLAIR,,acq-cor_thin,,,,,,,,,,,,,,,,,,,,,,,,,,,,,,,
t1_tir_cor,MR,anat,T1w,,acq-cor_tir,,,,,,,,,,,,,,,,,,,,,,,,,,,,,,,
cor_t1_tru_ir_brain,MR,anat,T1w,,acq-cor_tru_ir,,,,,,,,,,,,,,,,,,,,,,,,,,,,,,,
cor_t1_true_ir,MR,anat,T1w,,acq-cor_true_ir,,,,,,,,,,,,,,,,,,,,,,,,,,,,,,,
t1_true_ir_cor,MR,anat,T1w,,acq-cor_true_ir,,,,,,,,,,,,,,,,,,,,,,,,,,,,,,,
t2_tse_cor_384_3mm_high_res,MR,anat,T2w,,acq-cor_tse_384_3mm_high_res,,,,,,,,,,,,,,,,,,,,,,,,,,,,,,,
t2_tse_coronal_hippo,MR,anat,T2w,,acq-cor_tse_hippo,,,,,,,,,,,,,,,,,,,,,,,,,,,,,,,
t1_mprage_tra_p2_iso_1_0_post,MR,anat,T1w,,acq-iso_1_0_p2_tra_mprage,ce-gad,,,,,,,,,,,,,,,,,,,,,,,,,,,,,,
t1w_mpr,MR,anat,T1w,,acq-mpr,,,,,,,,,,,,,,,,,,,,,,,,,,,,,,,
mprage_1x1x1,MR,anat,T1w,,acq-mprage_1x1x1,,,,,,,,,,,,,,,,,,,,,,,,,,,,,,,
mprage_1x1x1_isotropic,MR,anat,T1w,,acq-mprage_1x1x1_isotropic,,,,,,,,,,,,,,,,,,,,,,,,,,,,,,,
mprage_p2_1mm,MR,anat,T1w,,acq-mprage_p2_1mm,,,,,,,,,,,,,,,,,,,,,,,,,,,,,,,
pet-mri_coregistration,OT / PT,pet,pet,,acq-mri_coregistration,,,,,,,,,,,,,,,,,,,,,,,,,,,,,,,
t2w_obl_hippo,MR,anat,T2w,,acq-obl_hippo,,,,,,,,,,,,,,,,,,,,,,,,,,,,,,,
dwi_og,MR,dwi,dwi,,acq-og,,,,,,,,,,,,,,,,,,,,,,,,,,,,,,,
p2035s0_clf17179_img__brain-pass1_reccln,PT,,pet,,acq-p2035s0_clf17179_pass1_reccln,,,,,,,,,,,,,,,,,,,,,,,,,,,,,,,
p2035s0_clf17179p2_img__brain-pass2,PT,,pet,,acq-p2035s0_clf17179p2_pass2,,,,,,,,,,,,,,,,,,,,,,,,,,,,,,,
sag_flair,MR,anat,FLAIR,,acq-sag,,,,,,,,,,,,,,,,,,,,,,,,,,,,,,,
sag_t1,MR,anat,T1w,,acq-sag,,,,,,,,,,,,,,,,,,,,,,,,,,,,,,,
sag_t1_brain,MR,anat,T1w,,acq-sag,,,,,,,,,,,,,,,,,,,,,,,,,,,,,,,
sag_t1_brain_pre,MR,anat,T1w,,acq-sag,,,,,,,,,,,,,,,,,,,,,,,,,,,,,,,
sag_t1_post,MR,anat,T1w,,acq-sag,ce-gad,,,,,,,,,,,,,,,,,,,,,,,,,,,,,,
t1_sag,MR,anat,T1w,,acq-sag,,,,,,,,,,,,,,,,,,,,,,,,,,,,,,,
3d_sag_t2_flair_cube,MR,anat,FLAIR,,acq-sag_3d_t2_cube,,,,,,,,,,,,,,,,,,,,,,,,,,,,,,,
sagittal__br_ctac__brain_5_10_2021_1_45_00_pm,PT,,pet,,acq-sag_br_ctac,,,,,,,,,,,,,,,,,,,,,,,,,,,,,,,
t1w_ffe_sag,MR,anat,T1w,,acq-sag_ffe,,,,,,,,,,,,,,,,,,,,,,,,,,,,,,,
sag_t1_fse,MR,anat,T1w,,acq-sag_fse,,,,,,,,,,,,,,,,,,,,,,,,,,,,,,,
t1_mprage_sag_iso,MR,anat,T1w,,acq-sag_iso_mprage,,,,,,,,,,,,,,,,,,,,,,,,,,,,,,,
t1_mprage_sag_iso_post_gad,MR,anat,T1w,,acq-sag_iso_mprage,ce-gad,,,,,,,,,,,,,,,,,,,,,,,,,,,,,,
sag_flair_mpr,MR,anat,FLAIR,,acq-sag_mpr,,,,,,,,,,,,,,,,,,,,,,,,,,,,,,,
sag_t1_mpr_post,MR,anat,T1w,,acq-sag_mpr,ce-gad,,,,,,,,,,,,,,,,,,,,,,,,,,,,,,
sag_t1_mprage,MR,anat,T1w,,acq-sag_mpr,,,,,,,,,,,,,,,,,,,,,,,,,,,,,,,
sag_t1_mprage_brain,MR,anat,T1w,,acq-sag_mpr,,,,,,,,,,,,,,,,,,,,,,,,,,,,,,,
sag_t1_mprage_brain_3d,MR,anat,T1w,,acq-sag_mpr_3d,,,,,,,,,,,,,,,,,,,,,,,,,,,,,,,
sag_t1_mprage_brain_3d_post,MR,anat,T1w,,acq-sag_mpr_3d,ce-gad,,,,,,,,,,,,,,,,,,,,,,,,,,,,,,
sag_t1_mprage_brain_3d_pre,MR,anat,T1w,,acq-sag_mpr_3d,,,,,,,,,,,,,,,,,,,,,,,,,,,,,,,
t1_mpr_recon_sag_post,MR,anat,T1w,,acq-sag_mpr_recon,ce-gad,,,,,,,,,,,,,,,,,,,,,,,,,,,,,,
sag_t1_mprage_brain_post,MR,anat,T1w,,acq-sag_mprage,ce-gad,,,,,,,,,,,,,,,,,,,,,,,,,,,,,,
sag_t1_mprage_brain_pre,MR,anat,T1w,,acq-sag_mprage,,,,,,,,,,,,,,,,,,,,,,,,,,,,,,,
sag_t1_mprage_post,MR,anat,T1w,,acq-sag_mprage,ce-gad,,,,,,,,,,,,,,,,,,,,,,,,,,,,,,
sag_t1_mprage_iso,MR,anat,T1w,,acq-sag_mprage_iso,,,,,,,,,,,,,,,,,,,,,,,,,,,,,,,
sag_t1_mprage_iso_post_gad,MR,anat,T1w,,acq-sag_mprage_iso,ce-gad,,,,,,,,,,,,,,,,,,,,,,,,,,,,,,
sag_naims_flair_caipi_4,MR,anat,FLAIR,,acq-sag_naims_caipi_4,,,,,,,,,,,,,,,,,,,,,,,,,,,,,,,
flair_recon_sag_post,MR,anat,FLAIR,,acq-sag_recon,ce-gad,,,,,,,,,,,,,,,,,,,,,,,,,,,,,,
t1_se__sag_2,MR,anat,T1w,,acq-sag_se,,,,,,,,,,,,,,,,,,,,,,,,,,,,,,,
t1_se_sag,MR,anat,T1w,,acq-sag_se,,,,,,,,,,,,,,,,,,,,,,,,,,,,,,,
t2_sag_space,MR,anat,T2w,,acq-sag_space,,,,,,,,,,,,,,,,,,,,,,,,,,,,,,,
sag_t1_spge_brain_post,MR,anat,T1w,,acq-sag_spge,ce-gad,,,,,,,,,,,,,,,,,,,,,,,,,,,,,,
sag_t1_spgr_brain,MR,anat,T1w,,acq-sag_spgr,,,,,,,,,,,,,,,,,,,,,,,,,,,,,,,
sag_t1_fl,MR,anat,FLAIR,,acq-sag_t1,,,,,,,,,,,,,,,,,,,,,,,,,,,,,,,
sag_t1_flair,MR,anat,FLAIR,,acq-sag_t1,,,,,,,,,,,,,,,,,,,,,,,,,,,,,,,
t1_flair_sag,MR,anat,FLAIR,,acq-sag_t1,,,,,,,,,,,,,,,,,,,,,,,,,,,,,,,
t1_se,MR,anat,T1w,,acq-se,,,,,,,,,,,,,,,,,,,,,,,,,,,,,,,
t1_se_laser_a-ax,MR,anat,T1w,,acq-se_laser_a_ax,,,,,,,,,,,,,,,,,,,,,,,,,,,,,,,
t1_se_laser_a-cor,MR,anat,T1w,,acq-se_laser_a_cor,,,,,,,,,,,,,,,,,,,,,,,,,,,,,,,
t1_se_laser_h-ax,MR,anat,T1w,,acq-se_laser_h_ax,,,,,,,,,,,,,,,,,,,,,,,,,,,,,,,
t1_se__laser_h-sag,MR,anat,T1w,,acq-se_laser_h_sag,,,,,,,,,,,,,,,,,,,,,,,,,,,,,,,
t1_se__other_plane,MR,anat,T1w,,acq-se_other_plane,,,,,,,,,,,,,,,,,,,,,,,,,,,,,,,
t1_se__other_plane_ax_1,MR,anat,T1w,,acq-se_other_plane_ax,,,,,,,,,,,,,,,,,,,,,,,,,,,,,,,
t1_se__other_plane_sag_1,MR,anat,T1w,,acq-se_other_plane_sag,,,,,,,,,,,,,,,,,,,,,,,,,,,,,,,
mp2rage_siemens_ipat3_1mm_inv1,MR,anat,MP2RAGE,,acq-siemens_ipat3_1mm_inv1,,,,,,,,,,,,,,,,,,,,,,,,,,,,,,,
mp2rage_siemens_ipat3_1mm_inv1_nd,MR,anat,MP2RAGE,,acq-siemens_ipat3_1mm_inv1_nd,,,,,,,,,,,,,,,,,,,,,,,,,,,,,,,
mp2rage_siemens_ipat3_1mm_inv2,MR,anat,MP2RAGE,,acq-siemens_ipat3_1mm_inv2,,,,,,,,,,,,,,,,,,,,,,,,,,,,,,,
mp2rage_siemens_ipat3_1mm_inv2_nd,MR,anat,MP2RAGE,,acq-siemens_ipat3_1mm_inv2_nd,,,,,,,,,,,,,,,,,,,,,,,,,,,,,,,
mp2rage_siemens_ipat3_1mm_t1_images,MR,anat,MP2RAGE,,acq-siemens_ipat3_1mm_t1_images,,,,,,,,,,,,,,,,,,,,,,,,,,,,,,,
mp2rage_siemens_ipat3_1mm_t1_images_nd,MR,anat,MP2RAGE,,acq-siemens_ipat3_1mm_t1_images_nd,,,,,,,,,,,,,,,,,,,,,,,,,,,,,,,
mp2rage_siemens_ipat3_1mm_uni_images,MR,anat,MP2RAGE,,acq-siemens_ipat3_1mm_uni_images,,,,,,,,,,,,,,,,,,,,,,,,,,,,,,,
mp2rage_siemens_ipat3_1mm_uni_images_nd,MR,anat,MP2RAGE,,acq-siemens_ipat3_1mm_uni_images_nd,,,,,,,,,,,,,,,,,,,,,,,,,,,,,,,
t2w_spc,MR,anat,T2w,,acq-spc,,,,,,,,,,,,,,,,,,,,,,,,,,,,,,,
t2_tirm_tra_flair,MR,anat,FLAIR,,acq-T2_tirm_tra,,,,,,,,,,,,,,,,,,,,,,,,,,,,,,,
t1w_tra,MR,anat,T1w,,acq-tra,,,,,,,,,,,,,,,,,,,,,,,,,,,,,,,
t2w_tra,MR,anat,T2w,,acq-tra,,,,,,,,,,,,,,,,,,,,,,,,,,,,,,,
t2w_tra_brainstem,MR,anat,T2w,,acq-tra_brainstem,,,,,,,,,,,,,,,,,,,,,,,,,,,,,,,
t2w_tse_ax,MR,anat,T2w,,acq-tse,,,,,,,,,,,,,,,,,,,,,,,,,,,,,,,
ep2d_fmri_90tr_audio,MR,func,bold,task-audio,,,,,,,,,,,,,,,,,,,,,,,,,,,,,,,,
bold_object_v1,MR,func,bold,task-object,,,,,,,,,,,,,,,,,,,,,,,,,,,,,,,,
fmri_object,MR,func,bold,task-object,,,,,,,,,,,,,,,,,,,,,,,,,,,,,,,,
fmri_picnaming,MR,func,bold,task-picnaming,,,,,,,,,,,,,,,,,,,,,,,,,,,,,,,,
hcp_restbold,MR,func,bold,task-rest,,,,,,,,,,,,,,,,,,,,,,,,,,,,,,,,
bold_rhyming_v1,MR,func,bold,task-rhyming,,,,,,,,,,,,,,,,,,,,,,,,,,,,,,,,
fmri_rhyme,MR,func,bold,task-rhyming,,,,,,,,,,,,,,,,,,,,,,,,,,,,,,,,
rhyme,MR,func,bold,task-rhyming,,,,,,,,,,,,,,,,,,,,,,,,,,,,,,,,
rhyming,MR,func,bold,task-rhyming,,,,,,,,,,,,,,,,,,,,,,,,,,,,,,,,
bold_sentence_v1,MR,func,bold,task-sentence,,,,,,,,,,,,,,,,,,,,,,,,,,,,,,,,
ep2d_fmri_90tr_sentence,MR,func,bold,task-sentence,,,,,,,,,,,,,,,,,,,,,,,,,,,,,,,,
fmri_sent,MR,func,bold,task-sentence,,,,,,,,,,,,,,,,,,,,,,,,,,,,,,,,
fmri_sent2,MR,func,bold,task-sentence,,,,,,,,,,,,,,,,,,,,,,,,,,,,,,,,
fmri_sentcomp,MR,func,bold,task-sentence,,,,,,,,,,,,,,,,,,,,,,,,,,,,,,,,
sentcomp,MR,func,bold,task-sentence,,,,,,,,,,,,,,,,,,,,,,,,,,,,,,,,
sentence_comp,MR,func,bold,task-sentence,,,,,,,,,,,,,,,,,,,,,,,,,,,,,,,,
ep2d_fmri_90tr_verb,MR,func,bold,task-verbgen,,,,,,,,,,,,,,,,,,,,,,,,,,,,,,,,
fmri_verbgen,MR,func,bold,task-verbgen,,,,,,,,,,,,,,,,,,,,,,,,,,,,,,,,
verb_gen,MR,func,bold,task-verbgen,,,,,,,,,,,,,,,,,,,,,,,,,,,,,,,,
verbgen,MR,func,bold,task-verbgen,,,,,,,,,,,,,,,,,,,,,,,,,,,,,,,,
bold_wordgen_v1,MR,func,bold,task-wordgen,,,,,,,,,,,,,,,,,,,,,,,,,,,,,,,,
ep2d_fmri_90tr_word,MR,func,bold,task-wordgen,,,,,,,,,,,,,,,,,,,,,,,,,,,,,,,,
fmri_word,MR,func,bold,task-wordgen,,,,,,,,,,,,,,,,,,,,,,,,,,,,,,,,
fmri_word2,MR,func,bold,task-wordgen,,,,,,,,,,,,,,,,,,,,,,,,,,,,,,,,
fmri_wordgen,MR,func,bold,task-wordgen,,,,,,,,,,,,,,,,,,,,,,,,,,,,,,,,
word_gen,MR,func,bold,task-wordgen,,,,,,,,,,,,,,,,,,,,,,,,,,,,,,,,
wordgen,MR,func,bold,task-wordgen,,,,,,,,,,,,,,,,,,,,,,,,,,,,,,,,
wordgen_20s,MR,func,bold,task-wordgen,,,,,,,,,,,,,,,,,,,,,,,,,,,,,,,,
wordgen1,MR,func,bold,task-wordgen,,,,,,,,,,,,,,,,,,,,,,,,,,,,,,,,
bold_mb6_p2_1_5mm_tr1000,MR,func,bold,,,,,,,,,,,,,,,,,,,,,,,,,,,,,,,,,
bold_scenemem_mb2,MR,func,bold,task-scenemem,,,,,,,,,,,,,,,,,,,,,,,,,,,,,,,,
bold_topup_mb2,MR,func,bold,,,,,,,,,,,,,,,,,,,,,,,,,,,,,,,,,
fmri_all,MR,func,bold,,,,,,,,,,,,,,,,,,,,,,,,,,,,,,,,,
fmri_combined,MR,func,bold,,,,,,,,,,,,,,,,,,,,,,,,,,,,,,,,,
fmri_qc_(capture),OT / MR,func,bold,,,,,,,,,,,,,,,,,,,,,,,,,,,,,,,,,
startfmri,MR,func,bold,,,,,,,,,,,,,,,,,,,,,,,,,,,,,,,,,
dwi,MR,dwi,dwi,,,,,,,,,,,,,,,,,,,,,,,,,,,,,,,,,
multishell_b2000_117dir_mb2,MR,dwi,dwi,,,,,,,,,,,,,,,,,,,,,,,,,,,,,,,,,
reg_-_dwi_og,MR,dwi,dwi,,,,,,,,,,,,,,,,,,,,,,,,,,,,,,,,,
dynasuite_surgicalnavigation_r_t2_flair_axial_tera,MR,anat,FLAIR,,,,,,,,,,,,,,,,,,,,,,,,,,,,,,,,,
fibers_flair,MR,anat,FLAIR,,acq-fibers,,,,,,,,,,,,,,,,,,,,,,,,,,,,,,,
flair_mark_p3_0_8mm,MR,anat,FLAIR,,acq-mark_p3_0_8mm,,,,,,,,,,,,,,,,,,,,,,,,,,,,,,,
pet_brain,PT,pet,pet,,,,,,,,,,,,,,,,,,,,,,,,,,,,,,,,,
pet_brain_siemens,PT,pet,pet,,siemens,,,,,,,,,,,,,,,,,,,,,,,,,,,,,,,
pet_dose_report,PT,pet - full of PHI?,pet,,dose_report,,,,,,,,,,,,,,,,,,,,,,,,,,,,,,,
3plane_loc_ssfse,MR,anat,scout,,,,no,,,,,,,,,,,,,,,,,,,,,,,,,,,,,
aahead_scout,MR,anat,scout,,,,no,,,,,,,,,,,,,,,,,,,,,,,,,,,,,
aahead_scout_,MR,anat,scout,,,,no,,,,,,,,,,,,,,,,,,,,,,,,,,,,,
aahead_scout__mpr_cor,MR,anat,scout,,acq-cor_mpr,,no,,,,,,,,,,,,,,,,,,,,,,,,,,,,,
aahead_scout__mpr_sag,MR,anat,scout,,acq-sag_mpr,,no,,,,,,,,,,,,,,,,,,,,,,,,,,,,,
aahead_scout__mpr_tra,MR,anat,scout,,acq-tra_mpr,,no,,,,,,,,,,,,,,,,,,,,,,,,,,,,,
aahead_scout_64ch-head-coil,MR,anat,scout,,acq-64ch_head_coil,,no,,,,,,,,,,,,,,,,,,,,,,,,,,,,,
aahead_scout_64ch-head-coil_mpr_cor,MR,anat,scout,,acq-cor_mpr_64ch_head_coil,,no,,,,,,,,,,,,,,,,,,,,,,,,,,,,,
aahead_scout_64ch-head-coil_mpr_sag,MR,anat,scout,,acq-sag_mpr_64ch_head_coil,,no,,,,,,,,,,,,,,,,,,,,,,,,,,,,,
aahead_scout_64ch-head-coil_mpr_tra,MR,anat,scout,,acq-tra_mpr_64ch_head_coil,,no,,,,,,,,,,,,,,,,,,,,,,,,,,,,,
aahead_scout_mpr_cor,MR,anat,scout,,acq-cor_mpr,,no,,,,,,,,,,,,,,,,,,,,,,,,,,,,,
aahead_scout_mpr_sag,MR,anat,scout,,acq-sag_mpr,,no,,,,,,,,,,,,,,,,,,,,,,,,,,,,,
aahead_scout_mpr_tra,MR,anat,scout,,acq-tra_mpr,,no,,,,,,,,,,,,,,,,,,,,,,,,,,,,,
aahscout,MR,anat,scout,,,,no,,,,,,,,,,,,,,,,,,,,,,,,,,,,,
aahscout_mpr_cor,MR,anat,scout,,acq-cor_mpr,,no,,,,,,,,,,,,,,,,,,,,,,,,,,,,,
aahscout_mpr_sag,MR,anat,scout,,acq-sag_mpr,,no,,,,,,,,,,,,,,,,,,,,,,,,,,,,,
aahscout_mpr_tra,MR,anat,scout,,acq-tra_mpr,,no,,,,,,,,,,,,,,,,,,,,,,,,,,,,,
loc_brain,MR,,scout,,localizer,,no,,,,,,,,,,,,,,,,,,,,,,,,,,,,,
localizer,MR,,scout,,localizer,,no,,,,,,,,,,,,,,,,,,,,,,,,,,,,,
localizer_brain,MR,,scout,,localizer,,no,,,,,,,,,,,,,,,,,,,,,,,,,,,,,
scout,CT / PT,anat,scout,,,,no,,,,,,,,,,,,,,,,,,,,,,,,,,,,,
t1_corfs_post,MR,anat,T1w,,,ce-gad,,,,,,,,,,,,,,,,,,,,,,,,,,,,,,
t2star_images,MR,anat,T2star,,,,,,,,,,,,,,,,,,,,,,,,,,,,,,,,,
prep_moco_b1map_220v_fft7,MR,,,task?,,,,,,,,,,,,,,,,,,,,,,,,,,,,,,,,
prep_moco_cest_210hz_220v_fft7,MR,7t research?,,task?,,,,,,,,,,,,,,,,,,,,,,,,,,,,,,,,
prep_moco_mtr_210hz_220v_fft7,MR,,,task?,,,,,,,,,,,,,,,,,,,,,,,,,,,,,,,,
prep_moco_none_220v_fft7,MR,,,task?,,,,,,,,,,,,,,,,,,,,,,,,,,,,,,,,
prep_moco_wassr_220v_fft7,MR,,,task?,,,,,,,,,,,,,,,,,,,,,,,,,,,,,,,,
prep_moco_wassr_220v_fft7_repeat,MR,,,task?,,,,,,,,,,,,,,,,,,,,,,,,,,,,,,,,
0,,,,,,,,,,,,,,,,,,,,,,,,,,,,,,,,,,,,
_br_ctac__brain,PT,,,,,,,,,,,,,,,,,,,,,,,,,,,,,,,,,,,
_br_nac__brain,PT,,,,,,,,,,,,,,,,,,,,,,,,,,,,,,,,,,,
_mpr_collection_,MR,,,,,,,,,,,,,,,,,,,,,,,,,,,,,,,,,,,
3d_ax_swan,MR,anat,,,,,,,,,,,,,,,,,,,,,,,,,,,,,,,,,,
ac_ct_brain,CT / PE,,,,,,,,,,,,,,,,,,,,,,,,,,,,,,,,,,,
adc_(10^-6_mm²_s)_jan_11_2021_16-58-05_est,MR,,,,,,,,,,,,,,,,,,,,,,,,,,,,,,,,,,,
adjgre,MR,,,,,,,,,,,,,,,,,,,,,,,,,,,,,,,,,,,
ant_ax,MR,,,,,,,,,,,,,,,,,,,,,,,,,,,,,,,,,,,
ant_ax_mpr_collection_,MR,,,,,,,,,,,,,,,,,,,,,,,,,,,,,,,,,,,
ant_sag,MR,anat,,,,,,,,,,,,,,,,,,,,,,,,,,,,,,,,,,
apparent_diffusion_coefficient_(mm2_s),MR,dwi,,,,,,,,,,,,,,,,,,,,,,,,,,,,,,,,,,
ax,MR,,,,,,,,,,,,,,,,,,,,,,,,,,,,,,,,,,,
ax_1_mpr_collection_,MR,,,,,,,,,,,,,,,,,,,,,,,,,,,,,,,,,,,
ax_3d_laser_a,MR,,,,,,,,,,,,,,,,,,,,,,,,,,,,,,,,,,,
ax_3d_laser_a_nd,MR,,,,,,,,,,,,,,,,,,,,,,,,,,,,,,,,,,,
ax_3d_registration_a,MR,,,,,,,,,,,,,,,,,,,,,,,,,,,,,,,,,,,
ax_3d_registration_a_nd,MR,,,,,,,,,,,,,,,,,,,,,,,,,,,,,,,,,,,
ax_ant_mpr_collection_,MR,,,,,,,,,,,,,,,,,,,,,,,,,,,,,,,,,,,
ax_bravo_1mm,MR,,,,,,,,,,,,,,,,,,,,,,,,,,,,,,,,,,,
ax_bravo_mpr,MR,,,,,,,,,,,,,,,,,,,,,,,,,,,,,,,,,,,
ax_bravo_pg,MR,,,,,,,,,,,,,,,,,,,,,,,,,,,,,,,,,,,
ax_diffusion,MR,dwi,,,,,,,,,,,,,,,,,,,,,,,,,,,,,,,,,,
ax_diffusion_adc,MR,dwi,,,,,,,,,,,,,,,,,,,,,,,,,,,,,,,,,,
ax_diffusion_tracew,MR,dwi,,,,,,,,,,,,,,,,,,,,,,,,,,,,,,,,,,
ax_gre,MR,,,,,,,,,,,,,,,,,,,,,,,,,,,,,,,,,,,
ax_laser_h,MR,,,,,,,,,,,,,,,,,,,,,,,,,,,,,,,,,,,
ax_mpr,MR,,,,,,,,,,,,,,,,,,,,,,,,,,,,,,,,,,,
ax_mpr_laser_a,MR,,,,,,,,,,,,,,,,,,,,,,,,,,,,,,,,,,,
ax_mpr_mpr_collection_,MR,,,,,,,,,,,,,,,,,,,,,,,,,,,,,,,,,,,
ax_reformat,MR,,,,,,,,,,,,,,,,,,,,,,,,,,,,,,,,,,,
axial,MR,,,,,,,,,,,,,,,,,,,,,,,,,,,,,,,,,,,
axial_2,MR,,,,,,,,,,,,,,,,,,,,,,,,,,,,,,,,,,,
axial_diffusion,MR,dwi,,,,,,,,,,,,,,,,,,,,,,,,,,,,,,,,,,
axial_diffusion_adc,MR,dwi,,,,,,,,,,,,,,,,,,,,,,,,,,,,,,,,,,
axial_diffusion_brain_adc,MR,dwi,,,,,,,,,,,,,,,,,,,,,,,,,,,,,,,,,,
axial_diffusion_brain_exp,MR,dwi,,,,,,,,,,,,,,,,,,,,,,,,,,,,,,,,,,
axial_diffusion_brain_tracew,MR,dwi,,,,,,,,,,,,,,,,,,,,,,,,,,,,,,,,,,
axial_diffusion_tracew,MR,dwi,,,,,,,,,,,,,,,,,,,,,,,,,,,,,,,,,,
axial_gre_brain,MR,,,,,,,,,,,,,,,,,,,,,,,,,,,,,,,,,,,
axial_gre_brain_2d_post,MR,,,,,,,,,,,,,,,,,,,,,,,,,,,,,,,,,,,
axial_gre_hemo,MR,,,,,,,,,,,,,,,,,,,,,,,,,,,,,,,,,,,
axial_post_t1_fl,MR,anat,,,,ce-gad,,,,,,,,,,,,,,,,,,,,,,,,,,,,,,
axial_swi_brain,MR,,,,,,,,,,,,,,,,,,,,,,,,,,,,,,,,,,,
axial_t1_fl_brain_2d_post,MR,anat,,,,,,,,,,,,,,,,,,,,,,,,,,,,,,,,,,
axial_t1_fl_brain_post,MR,anat,,,,,,,,,,,,,,,,,,,,,,,,,,,,,,,,,,
axial_t1_post_fl,MR,anat,,,,,,,,,,,,,,,,,,,,,,,,,,,,,,,,,,
b0map_v4,MR,fmap,,,,,,,,,,,,,,,,,,,,,,,,,,,,,,,,,,
b1map,MR,,,,,,,,,,,,,,,,,,,,,,,,,,,,,,,,,,,
blood_ffe,MR,,,,,,,,,,,,,,,,,,,,,,,,,,,,,,,,,,,
bone_ax_head,CT,,,,,,,,,,,,,,,,,,,,,,,,,,,,,,,,,,,
cor,MR,,,,,,,,,,,,,,,,,,,,,,,,,,,,,,,,,,,
cor_1,MR,,,,,,,,,,,,,,,,,,,,,,,,,,,,,,,,,,,
cor_3,MR,,,,,,,,,,,,,,,,,,,,,,,,,,,,,,,,,,,
cor_bravo_1mm,MR,,,,,,,,,,,,,,,,,,,,,,,,,,,,,,,,,,,
cor_bravo_pg,MR,,,,,,,,,,,,,,,,,,,,,,,,,,,,,,,,,,,
cor_hippo,MR,,,,,,,,,,,,,,,,,,,,,,,,,,,,,,,,,,,
cor_ir_brain_2d_pre,MR,,,,,,,,,,,,,,,,,,,,,,,,,,,,,,,,,,,
cor_laser_a,MR,,,,,,,,,,,,,,,,,,,,,,,,,,,,,,,,,,,
cor_mpr,MR,,,,,,,,,,,,,,,,,,,,,,,,,,,,,,,,,,,
cor_mpr_mpr_collection_,MR,,,,,,,,,,,,,,,,,,,,,,,,,,,,,,,,,,,
cor_mpr_post,MR,,,,,,,,,,,,,,,,,,,,,,,,,,,,,,,,,,,
cor_mpr1,MR,,,,,,,,,,,,,,,,,,,,,,,,,,,,,,,,,,,
cor_obl_ir_brain,MR,,,,,,,,,,,,,,,,,,,,,,,,,,,,,,,,,,,
cor_ref,MR,,,,,,,,,,,,,,,,,,,,,,,,,,,,,,,,,,,
cor_reformat,MR,,,,,,,,,,,,,,,,,,,,,,,,,,,,,,,,,,,
cor2,MR,,,,,,,,,,,,,,,,,,,,,,,,,,,,,,,,,,,
coronal__br_ctac__brain_5_10_2021_1_45_03_pm,PT,,,,,,,,,,,,,,,,,,,,,,,,,,,,,,,,,,,
ct_brain__2_0__h31f,CT / PT,,,,,,,,,,,,,,,,,,,,,,,,,,,,,,,,,,,
ct_brain__2_0__h31s,CT / PT,,,,,,,,,,,,,,,,,,,,,,,,,,,,,,,,,,,
ct_surview_180,CT / PT,,,,,,,,,,,,,,,,,,,,,,,,,,,,,,,,,,,
dadc,MR,,,,,,,,,,,,,,,,,,,,,,,,,,,,,,,,,,,
design,MR,,,,,,,,,,,,,,,,,,,,,,,,,,,,,,,,,,,
diff_2d_epi,MR,dwi,,,,,,,,,,,,,,,,,,,,,,,,,,,,,,,,,,
diff_2d_epi_adc,MR,dwi,,,,,,,,,,,,,,,,,,,,,,,,,,,,,,,,,,
diff_b1000_30,MR,dwi,,,,,,,,,,,,,,,,,,,,,,,,,,,,,,,,,,
diff_b1000_30_adc,MR,dwi,,,,,,,,,,,,,,,,,,,,,,,,,,,,,,,,,,
diff_b1000_30_colfa,MR,dwi,,,,,,,,,,,,,,,,,,,,,,,,,,,,,,,,,,
diff_b1000_30_fa,MR,dwi,,,,,,,,,,,,,,,,,,,,,,,,,,,,,,,,,,
diff_b1000_30_tracew,MR,dwi,,,,,,,,,,,,,,,,,,,,,,,,,,,,,,,,,,
diff_b2000_30,MR,dwi,,,,,,,,,,,,,,,,,,,,,,,,,,,,,,,,,,
diff_b2000_30_adc,MR,dwi,,,,,,,,,,,,,,,,,,,,,,,,,,,,,,,,,,
diff_b2000_30_colfa,MR,dwi,,,,,,,,,,,,,,,,,,,,,,,,,,,,,,,,,,
diff_b2000_30_fa,MR,dwi,,,,,,,,,,,,,,,,,,,,,,,,,,,,,,,,,,
diff_b2000_30_tracew,MR,dwi,,,,,,,,,,,,,,,,,,,,,,,,,,,,,,,,,,
diffusion_axial,MR,dwi,,,,,,,,,,,,,,,,,,,,,,,,,,,,,,,,,,
diffusion_axial_adc,MR,dwi,,,,,,,,,,,,,,,,,,,,,,,,,,,,,,,,,,
diffusion_axial_tracew,MR,dwi,,,,,,,,,,,,,,,,,,,,,,,,,,,,,,,,,,
dose_info,CT / PT,,,,,,,,,,,,,,,,,,,,,,,,,,,,,,,,,,,
dynasuite_surgicalnavigation_3dt1,MR,,,,,,,,,,,,,,,,,,,,,,,,,,,,,,,,,,,
dynasuite_surgicalnavigation_fibers-3dt1,MR,,,,,,,,,,,,,,,,,,,,,,,,,,,,,,,,,,,
ep2d_dti_30dir_tera_only_first_dti,MR,,,,,,,,,,,,,,,,,,,,,,,,,,,,,,,,,,,
ep2d_dti_30dir_tera_only_first_dti_adc,MR,,,,,,,,,,,,,,,,,,,,,,,,,,,,,,,,,,,
ep2d_dti_30dir_tera_only_first_dti_colfa,MR,,,,,,,,,,,,,,,,,,,,,,,,,,,,,,,,,,,
ep2d_dti_30dir_tera_only_first_dti_exp,MR,,,,,,,,,,,,,,,,,,,,,,,,,,,,,,,,,,,
ep2d_dti_30dir_tera_only_first_dti_fa,MR,,,,,,,,,,,,,,,,,,,,,,,,,,,,,,,,,,,
ep2d_dti_30dir_tera_only_first_dti_tracew,MR,,,,,,,,,,,,,,,,,,,,,,,,,,,,,,,,,,,
evaseries_glm,MR,,,,,,,,,,,,,,,,,,,,,,,,,,,,,,,,,,,
fdg_brain_color,OT / PE / PT,,,,,,,,,,,,,,,,,,,,,,,,,,,,,,,,,,,
fdg_brain_quant,OT / PE / PT,,,,,,,,,,,,,,,,,,,,,,,,,,,,,,,,,,,
fdg_color,OT / PT,,,,,,,,,,,,,,,,,,,,,,,,,,,,,,,,,,,
fibers_axt1,MR,,,,,,,,,,,,,,,,,,,,,,,,,,,,,,,,,,,
fibers_sagt1,MR,,,,,,,,,,,,,,,,,,,,,,,,,,,,,,,,,,,
filt_pha__3d_ax_swan,MR,,,,,,,,,,,,,,,,,,,,,,,,,,,,,,,,,,,
fl3d_axial_-_volume_scan,MR,,,,,,,,,,,,,,,,,,,,,,,,,,,,,,,,,,,
fl3d_axial_-_volume_scan_frame,MR,,,,,,,,,,,,,,,,,,,,,,,,,,,,,,,,,,,
fl3d_axial_-_volume_scan_frame_nd,MR,,,,,,,,,,,,,,,,,,,,,,,,,,,,,,,,,,,
fl3d_axial_-_volume_scan_nd,MR,,,,,,,,,,,,,,,,,,,,,,,,,,,,,,,,,,,
fmri_3dt1,MR,func,,,,,,,,,,,,,,,,,,,,,,,,,,,,,,,,,,
fmri_flair,MR,func,,,,,,,,,,,,,,,,,,,,,,,,,,,,,,,,,,
fused_coronal__br_ctac__brain_5_10_2021_1_44_56_pm,PT,,,,,,,,,,,,,,,,,,,,,,,,,,,,,,,,,,,
fused_sagittal__br_ctac__brain_5_10_2021_1_45_08_pm,PT,,,,,,,,,,,,,,,,,,,,,,,,,,,,,,,,,,,
fused_transverse__br_ctac__brain_1_6_2017_11_17_33_am,PT,,,,,,,,,,,,,,,,,,,,,,,,,,,,,,,,,,,
fused_transverse__br_ctac__brain_10_19_2016_3_16_03_pm,PT,,,,,,,,,,,,,,,,,,,,,,,,,,,,,,,,,,,
fused_transverse__br_ctac__brain_3_25_2021_10_12_32_am,PT,,,,,,,,,,,,,,,,,,,,,,,,,,,,,,,,,,,
fused_transverse__br_ctac__brain_4_13_2017_2_40_56_pm,PT,,,,,,,,,,,,,,,,,,,,,,,,,,,,,,,,,,,
fused_transverse__br_ctac__brain_5_10_2021_1_44_52_pm,PT,,,,,,,,,,,,,,,,,,,,,,,,,,,,,,,,,,,
fused_transverse__br_ctac__brain_7_26_2016_12_59_43_pm,PT,,,,,,,,,,,,,,,,,,,,,,,,,,,,,,,,,,,
gre,MR,,,,,,,,,,,,,,,,,,,,,,,,,,,,,,,,,,,
gre_axial_alignment_(jk),MR,,,,,,,,,,,,,,,,,,,,,,,,,,,,,,,,,,,
greax,MR,,,,,,,,,,,,,,,,,,,,,,,,,,,,,,,,,,,
head__1_0__j30s__3,CT,,,,,,,,,,,,,,,,,,,,,,,,,,,,,,,,,,,
head__1_0__j70h__3,CT,,,,,,,,,,,,,,,,,,,,,,,,,,,,,,,,,,,
head-low_dose_ct,CT / PT,,,,,,,,,,,,,,,,,,,,,,,,,,,,,,,,,,,
intermediate_t-map,MR,anat,,,,,,,,,,,,,,,,,,,,,,,,,,,,,,,,,,
ld_ct,CT / PT,,,,,,,,,,,,,,,,,,,,,,,,,,,,,,,,,,,
mag_images,MR,,,,,,,,,,,,,,,,,,,,,,,,,,,,,,,,,,,
mddw_dti_axial_30_dir,MR,,,,,,,,,,,,,,,,,,,,,,,,,,,,,,,,,,,
mddw_dti_axial_30_dir_adc,MR,,,,,,,,,,,,,,,,,,,,,,,,,,,,,,,,,,,
mddw_dti_axial_30_dir_colfa,MR,,,,,,,,,,,,,,,,,,,,,,,,,,,,,,,,,,,
mddw_dti_axial_30_dir_exp,MR,,,,,,,,,,,,,,,,,,,,,,,,,,,,,,,,,,,
mddw_dti_axial_30_dir_fa,MR,,,,,,,,,,,,,,,,,,,,,,,,,,,,,,,,,,,
mddw_dti_axial_30_dir_tracew,MR,,,,,,,,,,,,,,,,,,,,,,,,,,,,,,,,,,,
mddw_dti_axial_30_direction,MR,,,,,,,,,,,,,,,,,,,,,,,,,,,,,,,,,,,
mddw_dti_axial_30_direction_adc,MR,,,,,,,,,,,,,,,,,,,,,,,,,,,,,,,,,,,
mddw_dti_axial_30_direction_colfa,MR,,,,,,,,,,,,,,,,,,,,,,,,,,,,,,,,,,,
mddw_dti_axial_30_direction_fa,MR,,,,,,,,,,,,,,,,,,,,,,,,,,,,,,,,,,,
mddw_dti_axial_30_direction_tracew,MR,,,,,,,,,,,,,,,,,,,,,,,,,,,,,,,,,,,
mean_&_t-maps,MR,anat,,,,,,,,,,,,,,,,,,,,,,,,,,,,,,,,,,
mip__br_ctac__brain_5_10_2021_1_45_06_pm,PT,,,,,,,,,,,,,,,,,,,,,,,,,,,,,,,,,,,
mip_images(sw),MR,,,,,,,,,,,,,,,,,,,,,,,,,,,,,,,,,,,
mocoseries,MR,func,,,,,,,,,,,,,,,,,,,,,,,,,,,,,,,,,,
multiplanar_reconstruction_(mpr)_ob_ax_i_-__s_average_sp_1_0_th_,MR,,,,,,,,,,,,,,,,,,,,,,,,,,,,,,,,,,,
multiplanar_reconstruction_(mpr)_ob_cor_a_-__p_average_sp_1_0_th,MR,,,,,,,,,,,,,,,,,,,,,,,,,,,,,,,,,,,
multiplanar_reconstruction_(mpr)_ob_sag_r_-__l_average_sp_1_0_th,MR,,,,,,,,,,,,,,,,,,,,,,,,,,,,,,,,,,,
nan,,,,,,,,,,,,,,,,,,,,,,,,,,,,,,,,,,,,
pacs_nomination_form,MR,delete,,,,,,,,,,,,,,,,,,,,,,,,,,,,,,,,,,
pha_images,MR,,,,,,,,,,,,,,,,,,,,,,,,,,,,,,,,,,,
pic_naming,MR,,,,,,,,,,,,,,,,,,,,,,,,,,,,,,,,,,,
post_ax,MR,,,,,,,,,,,,,,,,,,,,,,,,,,,,,,,,,,,
post_ax_2_mpr_collection_,MR,,,,,,,,,,,,,,,,,,,,,,,,,,,,,,,,,,,
post_ax_mpr_collection_,MR,,,,,,,,,,,,,,,,,,,,,,,,,,,,,,,,,,,
post_sag,MR,,,,,,,,,,,,,,,,,,,,,,,,,,,,,,,,,,,
post_sag_2_mpr_collection_,MR,,,,,,,,,,,,,,,,,,,,,,,,,,,,,,,,,,,
post_sag_mpr_collection_,MR,,,,,,,,,,,,,,,,,,,,,,,,,,,,,,,,,,,
range-ac_ct_brain-tra-_alpha_range_,CT / PT,,,,,,,,,,,,,,,,,,,,,,,,,,,,,,,,,,,
sag,MR,,,,,,,,,,,,,,,,,,,,,,,,,,,,,,,,,,,
sag_1_mpr_collection_,MR,,,,,,,,,,,,,,,,,,,,,,,,,,,,,,,,,,,
sag_2,MR,,,,,,,,,,,,,,,,,,,,,,,,,,,,,,,,,,,
sag_3d_ti_iso_0_9,MR,,,,,,,,,,,,,,,,,,,,,,,,,,,,,,,,,,,
sag_ant_mpr_collection_,MR,,,,,,,,,,,,,,,,,,,,,,,,,,,,,,,,,,,
sag_ant2_mpr_collection_,MR,,,,,,,,,,,,,,,,,,,,,,,,,,,,,,,,,,,
sag_bravo_1mm,MR,,,,,,,,,,,,,,,,,,,,,,,,,,,,,,,,,,,
sag_bravo_pg,MR,,,,,,,,,,,,,,,,,,,,,,,,,,,,,,,,,,,
sag_laser_h,MR,,,,,,,,,,,,,,,,,,,,,,,,,,,,,,,,,,,
sag_mpr,MR,,,,,,,,,,,,,,,,,,,,,,,,,,,,,,,,,,,
sag_mpr_mpr_collection_,MR,,,,,,,,,,,,,,,,,,,,,,,,,,,,,,,,,,,
sag_mpr_post,MR,,,,,,,,,,,,,,,,,,,,,,,,,,,,,,,,,,,
sb1000,MR,,,,,,,,,,,,,,,,,,,,,,,,,,,,,,,,,,,
sdwi_b1000,MR,dwi,,,,,,,,,,,,,,,,,,,,,,,,,,,,,,,,,,
spiral_v20_hcp_asl,MR,,,,,,,,,,,,,,,,,,,,,,,,,,,,,,,,,,,
spiral_v20_hcp_m0,MR,,,,,,,,,,,,,,,,,,,,,,,,,,,,,,,,,,,
spiral_v20_hcp_meanperf,MR,,,,,,,,,,,,,,,,,,,,,,,,,,,,,,,,,,,
st_ax__stealth,CT,,,,,,,,,,,,,,,,,,,,,,,,,,,,,,,,,,,
st_ax_head,CT,,,,,,,,,,,,,,,,,,,,,,,,,,,,,,,,,,,
st_cor_head,CT,,,,,,,,,,,,,,,,,,,,,,,,,,,,,,,,,,,
st1w_3d_tfe,MR,,,,,,,,,,,,,,,,,,,,,,,,,,,,,,,,,,,
study_acquired_outside_hospital,MR,,,,,,delete,,,,,,,,,,,,,,,,,,,,,,,,,,,,,
swan_mpr,MR,,,,,,,,,,,,,,,,,,,,,,,,,,,,,,,,,,,
swi_images,MR,,,,,,,,,,,,,,,,,,,,,,,,,,,,,,,,,,,
t_map_cor_3,MR,anat,,,,,,,,,,,,,,,,,,,,,,,,,,,,,,,,,,
t1_ax_fl_post,MR,anat,,,,,,,,,,,,,,,,,,,,,,,,,,,,,,,,,,
t2_fl2d_tra_hemo,MR,anat,,,,,,,,,,,,,,,,,,,,,,,,,,,,,,,,,,
tc_brain_spect,NM / SPECT,,,,,,,,,,,,,,,,,,,,,,,,,,,,,,,,,,,
tc_brain_spect__qc_quality_data_,NM / SPECT,,,,,,,,,,,,,,,,,,,,,,,,,,,,,,,,,,,
tc_brain_spect__recon_-_ac__,NM / SPECT,,,,,,,,,,,,,,,,,,,,,,,,,,,,,,,,,,,
tc_brain_spect__recon_-_noac__,NM / SPECT,,,,,,,,,,,,,,,,,,,,,,,,,,,,,,,,,,,
tc_brain_spect__reformatted_series_,NM / SPECT,,,,,,,,,,,,,,,,,,,,,,,,,,,,,,,,,,,
t-map_1,MR,anat,,,,,,,,,,,,,,,,,,,,,,,,,,,,,,,,,,
t-map_2_plane_laser_a,MR,anat,,,,,,,,,,,,,,,,,,,,,,,,,,,,,,,,,,
t-map_2-plane_a_2,MR,anat,,,,,,,,,,,,,,,,,,,,,,,,,,,,,,,,,,
t-map_2-plane_apply_do_not_run,MR,anat,,,,,,,,,,,,,,,,,,,,,,,,,,,,,,,,,,
t-map_2-plane_laser_h,MR,anat,,,,,,,,,,,,,,,,,,,,,,,,,,,,,,,,,,
t-map_ant,MR,anat,,,,,,,,,,,,,,,,,,,,,,,,,,,,,,,,,,
tof_3d_multi-slab_r2,MR,dwi?,,,,,,,,,,,,,,,,,,,,,,,,,,,,,,,,,,
tof_3d_multi-slab_r2_mip_cor,MR,,,,,,,,,,,,,,,,,,,,,,,,,,,,,,,,,,,
tof_3d_multi-slab_r2_mip_sag,MR,,,,,,,,,,,,,,,,,,,,,,,,,,,,,,,,,,,
topogram__0_6__t20f,CT,,,,,,,,,,,,,,,,,,,,,,,,,,,,,,,,,,,
topogram__1_0__tr20,CT,,,,,,,,,,,,,,,,,,,,,,,,,,,,,,,,,,,
tse_axial_alignment,MR,,,,,,,,,,,,,,,,,,,,,,,,,,,,,,,,,,,
tse_frame_slab_t1,MR,,,,,,,,,,,,,,,,,,,,,,,,,,,,,,,,,,,
tse_ortho_1_fix_adjust_new,MR,,,,,,,,,,,,,,,,,,,,,,,,,,,,,,,,,,,
tse_ortho_1_fix_adjust_new_nd,MR,,,,,,,,,,,,,,,,,,,,,,,,,,,,,,,,,,,
tse_ortho_2_fix_adjust_new,MR,,,,,,,,,,,,,,,,,,,,,,,,,,,,,,,,,,,
tse_ortho_2_fix_adjust_new_nd,MR,,,,,,,,,,,,,,,,,,,,,,,,,,,,,,,,,,,
,,,,,,,,,,,,,,,,,,,,,,,,,,,,,,,,,,,,
t1_se_pre,MR,anat,T1w,,acq-se,,,,,,,,,,,,,,,,,,,,,,,,,,,,,,,
ax_mpr_collection_,MR,,,,,,,,,,,,,,,,,,,,,,,,,,,,,,,,,,,
t1_se_pre_other_plane,MR,anat,T1w,,acq-se_other_plane,,,,,,,,,,,,,,,,,,,,,,,,,,,,,,,
cor_mpr_collection_,MR,,,,,,,,,,,,,,,,,,,,,,,,,,,,,,,,,,,
t1_axial_pre,MR,anat,T1w,,acq-ax,,,,,,,,,,,,,,,,,,,,,,,,,,,,,,,
t1_axial_post,MR,anat,T1w,,acq-ax,ce-gad,,,,,,,,,,,,,,,,,,,,,,,,,,,,,,
t1_cor_post_fs,MR,anat,T1w,,acq-cor_fs,ce-gad,,,,,,,,,,,,,,,,,,,,,,,,,,,,,,
head__routine_5_0,CT,,,,,,,,,,,,,,,,,,,,,,,,,,,,,,,,,,,
head__bone_2_0,CT,,,,,,,,,,,,,,,,,,,,,,,,,,,,,,,,,,,
lat_topogram__0_6__t20s,CT,,,,,,,,,,,,,,,,,,,,,,,,,,,,,,,,,,,
pa_topogram__0_6__t20s,CT,,,,,,,,,,,,,,,,,,,,,,,,,,,,,,,,,,,
cor_t1_mprage,MR,anat,T1w,,acq-cor_mprage,,,,,,,,,,,,,,,,,,,,,,,,,,,,,,,
ax_haste_t2,MR,anat,T2w,,acq-ax_haste,,,,,,,,,,,,,,,,,,,,,,,,,,,,,,,
t1_se__sag,MR,anat,T1w,,acq-sag_se,,,,,,,,,,,,,,,,,,,,,,,,,,,,,,,
cest_3ppm_800ms_210hz_2avg_tr10000ms_290v,MR,,,,,,,,,,,,,,,,,,,,,,,,,,,,,,,,,,,
b0map,MR,fmap,,,,,,,,,,,,,,,,,,,,,,,,,,,,,,,,,,
boldref_nodico,MR,,,,,,,,,,,,,,,,,,,,,,,,,,,,,,,,,,,
sag3,MR,,,,,,,,,,,,,,,,,,,,,,,,,,,,,,,,,,,
scenebold_2x2x2_mb4_tr3000,MR,,,,,,,,,,,,,,,,,,,,,,,,,,,,,,,,,,,
sag2,MR,,,,,,,,,,,,,,,,,,,,,,,,,,,,,,,,,,,
mprage_0_8x0_8x0_8_p2,MR,,,,,,,,,,,,,,,,,,,,,,,,,,,,,,,,,,,
cor_1mm_iso_mpr,MR,,,,,,,,,,,,,,,,,,,,,,,,,,,,,,,,,,,
sag_1mm_iso_mpr,MR,,,,,,,,,,,,,,,,,,,,,,,,,,,,,,,,,,,
fused_transverse__br_ctac__brain_10_2_2015_4_39_34_pm,PT,,,,,,,,,,,,,,,,,,,,,,,,,,,,,,,,,,,
ieeg_protocol__1_0__j30s__3,CT,,,,,,,,,,,,,,,,,,,,,,,,,,,,,,,,,,,
ieeg_protocol__1_0__j70h__3,CT,,,,,,,,,,,,,,,,,,,,,,,,,,,,,,,,,,,
mprage_ti1110_ipat2_moco3,MR,,,,,,,,,,,,,,,,,,,,,,,,,,,,,,,,,,,
pd,MR,,,,,,,,,,,,,,,,,,,,,,,,,,,,,,,,,,,
t2_3dspace_hires2,MR,,,,,,,,,,,,,,,,,,,,,,,,,,,,,,,,,,,
corthin_t2zz,MR,,,,,,,,,,,,,,,,,,,,,,,,,,,,,,,,,,,
tse_t2_axial_zz,MR,anat,T2w,,acq-ax_tse_zz,,,,,,,,,,,,,,,,,,,,,,,,,,,,,,,
trufi_multiplane_loc,MR,,,,,,,,,,,,,,,,,,,,,,,,,,,,,,,,,,,
se_t1_coronal_post_zz,MR,anat,T1w,,acq-cor_se_zz,ce-gad,,,,,,,,,,,,,,,,,,,,,,,,,,,,,,
se_t1_sag_zz,MR,anat,T1w,,acq-sag_se_zz,,,,,,,,,,,,,,,,,,,,,,,,,,,,,,,
ep2d_diff_zz_1-32,MR,,,,,,,,,,,,,,,,,,,,,,,,,,,,,,,,,,,
cor_flair_zz,MR,anat,FLAIR,,acq-cor_zz,,,,,,,,,,,,,,,,,,,,,,,,,,,,,,,
cor_3d_t1_mpr_zz,MR,anat,T1w,,acq-cor_mprage_3d_zz,,,,,,,,,,,,,,,,,,,,,,,,,,,,,,,
ep2d_diff_zz_1-32_adc,MR,,,,,,,,,,,,,,,,,,,,,,,,,,,,,,,,,,,
se_t1_axial_post_zz,MR,,,,,,,,,,,,,,,,,,,,,,,,,,,,,,,,,,,
flair_axial_zz,MR,anat,FLAIR,,acq-ax_zz,,,,,,,,,,,,,,,,,,,,,,,,,,,,,,,
t2_fl2d_ax_hemo,MR,,,,,,,,,,,,,,,,,,,,,,,,,,,,,,,,,,,
cor_t1_mpr,MR,anat,T1w,,acq-cor_mprage,,,,,,,,,,,,,,,,,,,,,,,,,,,,,,,
sag_t1_mpr,MR,anat,T1w,,acq-sag_mprage,,,,,,,,,,,,,,,,,,,,,,,,,,,,,,,
axial_dti_3o_direction_brain_colfa,MR,,,,,,,,,,,,,,,,,,,,,,,,,,,,,,,,,,,
axial_t1_mprage_brain_post_sub,MR,,,,,,,,,,,,,,,,,,,,,,,,,,,,,,,,,,,
axial_dti_3o_direction_brain_adc,MR,,,,,,,,,,,,,,,,,,,,,,,,,,,,,,,,,,,
axial_dti_3o_direction_brain,MR,,,,,,,,,,,,,,,,,,,,,,,,,,,,,,,,,,,
axial_dti_3o_direction_brain_fa,MR,,,,,,,,,,,,,,,,,,,,,,,,,,,,,,,,,,,
axial_dti_3o_direction_brain_tracew,MR,,,,,,,,,,,,,,,,,,,,,,,,,,,,,,,,,,,
t2_tse_cor_384_3mm_high_res(whole_brain),MR,,,,,,,,,,,,,,,,,,,,,,,,,,,,,,,,,,,
cor_flair_t2_(whole_brain),MR,anat,FLAIR,,acq-cor_t2_whole_brain,,,,,,,,,,,,,,,,,,,,,,,,,,,,,,,
t-map_1st_burn,MR,,,,,,,,,,,,,,,,,,,,,,,,,,,,,,,,,,,
t1_cor_2_burn,MR,anat,T1w,,acq-cor_2_burn,,,,,,,,,,,,,,,,,,,,,,,,,,,,,,,
t-map_2-burn,MR,,,,,,,,,,,,,,,,,,,,,,,,,,,,,,,,,,,
frame_t1_gre_optional,MR,anat,,,,,,,,,,,,,,,,,,,,,,,,,,,,,,,,,,
t1_axial_1_burn,MR,anat,T1w,,acq-ax_1_burn,,,,,,,,,,,,,,,,,,,,,,,,,,,,,,,
t1_sag-1_burn,MR,anat,T1w,,acq-sag_1_burn,,,,,,,,,,,,,,,,,,,,,,,,,,,,,,,
cor_mpr_2_mpr_collection_,MR,anat,,,,,,,,,,,,,,,,,,,,,,,,,,,,,,,,,,
axial_mpr_1_mpr_collection_,MR,anat,,,,,,,,,,,,,,,,,,,,,,,,,,,,,,,,,,
sag_mpr_1_mpr_collection_,MR,anat,,,,,,,,,,,,,,,,,,,,,,,,,,,,,,,,,,
sag_t1_flair_brain,MR,anat,FLAIR,,acq-sag_t1,,,,,,,,,,,,,,,,,,,,,,,,,,,,,,,
t1_se__sag3,MR,anat,T1w,,acq-sag3_se,,,,,,,,,,,,,,,,,,,,,,,,,,,,,,,
t1_se__sag2,MR,anat,T1w,,acq-sag2_se,,,,,,,,,,,,,,,,,,,,,,,,,,,,,,,
t-map_2-plane_new_planes,MR,anat,,,,,,,,,,,,,,,,,,,,,,,,,,,,,,,,,,
sag_mpr_collection_,MR,anat,,,,,,,,,,,,,,,,,,,,,,,,,,,,,,,,,,
t1_se__cor2,MR,anat,T1w,,acq-cor2_se,,,,,,,,,,,,,,,,,,,,,,,,,,,,,,,
cor2_mpr_collection_,MR,anat,,,,,,,,,,,,,,,,,,,,,,,,,,,,,,,,,,
sag2_mpr_collection_,MR,anat,,,,,,,,,,,,,,,,,,,,,,,,,,,,,,,,,,
axial_mpr_collection_,MR,anat,,,,,,,,,,,,,,,,,,,,,,,,,,,,,,,,,,
cor_3d_t1_post,MR,anat,T1w,,acq-cor_3d,ce-gad,,,,,,,,,,,,,,,,,,,,,,,,,,,,,,
ax_t2_pre_instead_of_t1_se,MR,anat,T2w,,acq-ax_se,,,,,,,,,,,,,,,,,,,,,,,,,,,,,,,
cor_flair_post,MR,anat,FLAIR,,acq-cor,ce-gad,,,,,,,,,,,,,,,,,,,,,,,,,,,,,,
cor_t2_pre_instead_of_t1_se,MR,anat,T2w,,acq-cor_se,,,,,,,,,,,,,,,,,,,,,,,,,,,,,,,
cor_t1_(gre)_post_fs,MR,anat,,,,,,,,,,,,,,,,,,,,,,,,,,,,,,,,,,
axial_t1_(gre),MR,anat,,,,,,,,,,,,,,,,,,,,,,,,,,,,,,,,,,
axial_t1_(gre)_post,MR,anat,,,,,,,,,,,,,,,,,,,,,,,,,,,,,,,,,,
ax_mpr1,MR,,,,,,,,,,,,,,,,,,,,,,,,,,,,,,,,,,,
ax_swan,MR,,,,,,,,,,,,,,,,,,,,,,,,,,,,,,,,,,,
ax_t2_flair_optimized,MR,anat,FLAIR,,acq-ax_t2_optimized,,,,,,,,,,,,,,,,,,,,,,,,,,,,,,,
filt_pha__ax_swan,MR,,,,,,,,,,,,,,,,,,,,,,,,,,,,,,,,,,,
sag_fspgr_pre,MR,,,,,,,,,,,,,,,,,,,,,,,,,,,,,,,,,,,
cal_head_24,MR,,,,,,,,,,,,,,,,,,,,,,,,,,,,,,,,,,,
mpr_ob_ax_i_-__s_min_ip_sp_10_0_th_10_0,MR,,,,,,,,,,,,,,,,,,,,,,,,,,,,,,,,,,,
screen_save,MR,,,,,,,,,,,,,,,,,,,,,,,,,,,,,,,,,,,
exponential_apparent_diffusion_coefficient,MR,,,,,,,,,,,,,,,,,,,,,,,,,,,,,,,,,,,
sag_fspgr_post,MR,,,,,,,,,,,,,,,,,,,,,,,,,,,,,,,,,,,
cor_t2_flair__thin,MR,anat,FLAIR,,acq-cor_t2_thin,,,,,,,,,,,,,,,,,,,,,,,,,,,,,,,
cor_t2_propeller,MR,anat,,,,,,,,,,,,,,,,,,,,,,,,,,,,,,,,,,
cor__t1_flair,MR,anat,FLAIR,,acq-cor_t1,,,,,,,,,,,,,,,,,,,,,,,,,,,,,,,
5a26c8c40,PR,,,,,,,,,,,,,,,,,,,,,,,,,,,,,,,,,,,
cor_t1_gad,MR,anat,T1w,,acq-cor,ce-gad,,,,,,,,,,,,,,,,,,,,,,,,,,,,,,
ax_t1_w_gre,MR,anat,,,,,,,,,,,,,,,,,,,,,,,,,,,,,,,,,,
ax_t1_gad,MR,anat,T1w,,acq-ax,ce-gad,,,,,,,,,,,,,,,,,,,,,,,,,,,,,,
axial_dti_30_direction_brain_colfa,MR,,,,,,,,,,,,,,,,,,,,,,,,,,,,,,,,,,,
axial_dti_30_direction_brain_fa,MR,,,,,,,,,,,,,,,,,,,,,,,,,,,,,,,,,,,
axial_dti_30_direction_brain_tracew,MR,,,,,,,,,,,,,,,,,,,,,,,,,,,,,,,,,,,
axial_dti_30_direction_brain,MR,,,,,,,,,,,,,,,,,,,,,,,,,,,,,,,,,,,
axial_dti_30_direction_brain_adc,MR,,,,,,,,,,,,,,,,,,,,,,,,,,,,,,,,,,,
axial_flair_brain_pre,MR,anat,FLAIR,,acq-ax,,,,,,,,,,,,,,,,,,,,,,,,,,,,,,,
t-map_3plane,MR,,,,,,,,,,,,,,,,,,,,,,,,,,,,,,,,,,,
pet_color_coronal_ss_pjb,PT,,,,,,,,,,,,,,,,,,,,,,,,,,,,,,,,,,,
pet_mip_ss_pjb,PT,,,,,,,,,,,,,,,,,,,,,,,,,,,,,,,,,,,
pet_color_sagittal_ss_pjb,PT,,,,,,,,,,,,,,,,,,,,,,,,,,,,,,,,,,,
brain_fdg_ac,PT,,,,,,,,,,,,,,,,,,,,,,,,,,,,,,,,,,,
pet_color_trans_ss_pjb,PT,,,,,,,,,,,,,,,,,,,,,,,,,,,,,,,,,,,
pet_sagittal_ss_pjb,PT,,,,,,,,,,,,,,,,,,,,,,,,,,,,,,,,,,,
brain_fdg_nac,PT,,,,,,,,,,,,,,,,,,,,,,,,,,,,,,,,,,,
petct_fusion_coronal_ss_pjb,OT,,,,,,,,,,,,,,,,,,,,,,,,,,,,,,,,,,,
pet_coronal_6x6,PT,,,,,,,,,,,,,,,,,,,,,,,,,,,,,,,,,,,
petct_fusion_trans_ss_pjb,OT,,,,,,,,,,,,,,,,,,,,,,,,,,,,,,,,,,,
axial_dti_brain_tracew,MR,,,,,,,,,,,,,,,,,,,,,,,,,,,,,,,,,,,
axial_dti_brain_adc,MR,,,,,,,,,,,,,,,,,,,,,,,,,,,,,,,,,,,
axial_t2_flair_brain_post,MR,,,,,,,,,,,,,,,,,,,,,,,,,,,,,,,,,,,
axial_dti_brain_colfa,MR,,,,,,,,,,,,,,,,,,,,,,,,,,,,,,,,,,,
axial_dti_brain,MR,,,,,,,,,,,,,,,,,,,,,,,,,,,,,,,,,,,
axial_dti_brain_fa,MR,,,,,,,,,,,,,,,,,,,,,,,,,,,,,,,,,,,
cor_t2_propeller_hipp,MR,anat,,,,,,,,,,,,,,,,,,,,,,,,,,,,,,,,,,
ax_t1_flair,MR,anat,FLAIR,,acq-ax_t1,,,,,,,,,,,,,,,,,,,,,,,,,,,,,,,
swi,MR,,,,,,,,,,,,,,,,,,,,,,,,,,,,,,,,,,,
cor_3d_fspgr,MR,anat,,,,,,,,,,,,,,,,,,,,,,,,,,,,,,,,,,
cor_t2_flair,MR,anat,FLAIR,,acq-cor_t2,,,,,,,,,,,,,,,,,,,,,,,,,,,,,,,